{"cameraMode":{"drawMode":0,"name":"Shaded","section":"Shading Mode"},"sceneLighting":false,"audioPlay":false,"sceneViewState":{"m_AlwaysRefresh":false,"showFog":true,"showSkybox":false,"showFlares":true,"showImageEffects":true,"showParticleSystems":true,"showVisualEffectGraphs":true,"m_FxEnabled":true},"in2DMode":false,"pivot":{"x":-0.40306395292282107,"y":0.8074283599853516,"z":-0.9554154872894287},"rotation":{"x":-0.010759936645627022,"y":0.9496873617172241,"z":-0.31135496497154238,"w":-0.03279481455683708},"size":1.7532546520233155,"orthographic":false}